Book Id,Title,Author,Author l-f,Additional Authors,ISBN,ISBN13,My Rating,Average Rating,Publisher,Binding,Number of Pages,Year Published,Original Publication Year,Date Read,Date Added,Bookshelves,Bookshelves with positions,Exclusive Shelf,My Review,Spoiler,Private Notes,Read Count,Owned Copies
16143347,We Were Liars,E. Lockhart,"Lockhart, E.",,"=""0385741278""","=""9780385741279""",3,3.66,Delacorte Press,Kindle Edition,242,2014,2014,,2025/06/29,,,read,,,,1,0
230824619,"Death Row (Alibis Collection, #1)",Freida McFadden,"McFadden, Freida",,"=""1662532261""","=""9781662532269""",2,3.61,Amazon Original Stories,Kindle Edition,74,2025,2025,2025/06/28,2025/06/14,,,read,,,,1,0
168642,In Cold Blood,Truman Capote,"Capote, Truman",,"=""0679745580""","=""9780679745587""",0,4.09,Vintage,Paperback,343,1994,1966,,2025/06/20,currently-reading,currently-reading (#5),currently-reading,,,,1,0
205358060,The City and Its Uncertain Walls,Haruki Murakami,"Murakami, Haruki",Philip Gabriel,"=""1787304477""","=""9781787304475""",0,3.77,Harvill Secker,Hardcover,464,2024,2023,,2025/06/28,to-read,to-read (#121),to-read,,,,0,0
40389527,The Woman in the Window,A.J. Finn,"Finn, A.J.",,"=""""","=""""",2,3.94,William Morrow,Kindle Edition,455,2018,2018,2025/06/27,2025/06/21,,,read,2.5⭐️<br/>The book was so unnecessarily long it was full of details that wasn't necessary. The plot was good but the book was just too long to enjoy the plot. After completing half I just wanted to be done with it.,,,1,0
205544315,Heart Lamp: Selected Stories,Banu Mushtaq,"Mushtaq, Banu",Deepa Bhasthi,"=""1916751164""","=""9781916751163""",0,3.84,And Other Stories,Paperback,192,2025,2012,,2025/06/26,to-read,to-read (#120),to-read,,,,0,0
45172472,Once Upon A Curfew,Srishti Chaudhary,"Chaudhary, Srishti",,"=""0143445960""","=""9780143445968""",0,3.69,Penguin eBury Press,Paperback,304,2019,,,2025/06/26,to-read,to-read (#119),to-read,,,,0,0
54333947,Lallan Sweets,Srishti Chaudhary,"Chaudhary, Srishti",,"=""0143450298""","=""9780143450290""",0,3.51,Penguin Random House,Paperback,288,2020,2020,,2025/06/26,to-read,to-read (#118),to-read,,,,0,0
176451879,"Kill for Me, Kill for You",Steve Cavanagh,"Cavanagh, Steve",,"=""1668049341""","=""9781668049341""",0,4.15,Atria Books,Hardcover,340,2024,2023,,2025/06/21,to-read,to-read (#117),to-read,,,,1,0
30267604,Ghachar Ghochar,Vivek Shanbhag,"Shanbhag, Vivek",Srinath Perur,"=""014311168X""","=""9780143111689""",4,3.89,Penguin Books,Paperback,118,2017,2013,2025/06/21,2025/06/21,,,read,,,,1,0
219848315,The Emperor of Gladness,Ocean Vuong,"Vuong, Ocean",,"=""059383187X""","=""9780593831878""",0,4.10,Penguin Press,Hardcover,416,2025,2025,,2025/06/18,to-read,to-read (#116),to-read,,,,0,0
18490,Frankenstein,Mary Wollstonecraft Shelley,"Shelley, Mary Wollstonecraft",,"=""""","=""""",0,3.89,Penguin,Paperback,288,2003,1818,,2024/07/16,currently-reading,currently-reading (#4),currently-reading,,,,1,0
61149872,The Inmate,Freida McFadden,"McFadden, Freida",,"=""""","=""""",3,4.02,Hollywood Upstairs Press ,Kindle Edition,388,2022,2022,2025/06/17,2025/06/16,,,read,3.5⭐️<br/><br/>That was a good thriller book!!. You really think you figured out the plot but of course the author throws in a twist. Overall a good one time read. ,,,1,0
35297426,Then She Was Gone,Lisa Jewell,"Jewell, Lisa",,"=""1501154648""","=""9781501154645""",4,4.04,Atria Books,Paperback,359,2018,2017,2025/06/16,2025/06/13,,,read,Dark and disturbing!!.,,,1,0
231819058,The Intruder,Freida McFadden,"McFadden, Freida",,"=""1464260915""","=""9781464260919""",0,4.34,Poisoned Pen Press,Hardcover,288,2025,2025,,2025/06/14,to-read,to-read (#115),to-read,,,,0,0
30108909,Brain Damage,Freida McFadden,"McFadden, Freida",,"=""""","=""""",0,4.01,Hollywood Upstairs Publishing,Kindle Edition,400,2016,2016,,2025/06/14,to-read,to-read (#114),to-read,,,,0,0
223093377,Out of Madness,Rithwik Aryan,"Aryan, Rithwik",,"=""9365477786""","=""9789365477788""",0,3.00,Ink,Paperback,373,2024,,,2025/06/14,to-read,to-read (#113),to-read,,,,0,0
214298301,Ward D,Freida McFadden,"McFadden, Freida",,"=""1464233004""","=""9781464233005""",3,3.97,Poisoned Pen Press,Hardcover,320,2025,2023,2025/06/14,2025/06/13,,,read,3.5⭐️!!,,,1,0
775346,The Little Friend,Donna Tartt,"Tartt, Donna",,"=""1400031699""","=""9781400031696""",0,3.48,Vintage,Audible Audio,624,2003,2002,,2025/06/13,to-read,to-read (#112),to-read,,,,0,0
25489025,The Vegetarian,Han Kang,"Kang, Han",Deborah Smith,"=""0553448188""","=""9780553448184""",0,3.64,Hogarth,Hardcover,188,2016,2007,,2025/06/12,to-read,to-read (#111),to-read,,,,0,0
62047992,"Days at the Morisaki Bookshop (Days at the Morisaki Bookshop, #1)",Satoshi Yagisawa,"Yagisawa, Satoshi",Eric Ozawa,"=""0063278677""","=""9780063278677""",4,3.64,Harper Perennial,Paperback,150,2023,2010,2025/06/12,2024/05/29,,,read,Reading this book is a warm comforting hug<3 ,,,1,0
210223811,Katabasis,R.F. Kuang,"Kuang, R.F.",,"=""""","=""""",0,3.97,HarperVoyager,Kindle Edition,400,2025,2025,,2025/06/11,to-read,to-read (#110),to-read,,,,0,0
286957,The Yellow Wall-Paper,Charlotte Perkins Gilman,"Gilman, Charlotte Perkins",Elaine R. Hedges,"=""1558611584""","=""9781558611580""",4,4.07,The Feminist Press at CUNY,Paperback,62,1996,1892,2025/06/09,2025/06/09,,,read,4.5 stars <br/>This was so creepy to read. ,,,1,0
140337,They Came to Baghdad,Agatha Christie,"Christie, Agatha",,"=""0007154933""","=""9780007154937""",0,3.83,HarperCollins,Paperback,368,2003,1951,,2025/06/09,to-read,to-read (#109),to-read,,,,0,0
11588,"The Shining (The Shining, #1)",Stephen        King,"King, Stephen",,"=""0450040186""","=""9780450040184""",4,4.28,New English Library (Hodder & Stoughton) ,Paperback,497,1980,1977,,2023/12/23,,,read,,,,2,0
6148028,"Catching Fire (The Hunger Games, #2)",Suzanne Collins,"Collins, Suzanne",,"=""0439023491""","=""9780439023498""",4,4.35,Scholastic Press,Hardcover,391,2009,2009,2025/04/18,2023/12/23,,,read,"4.5 <br/>Wow this book was a roller coaster of emotions, mostly sad. I absolutely love Katniss this is the complex female character a 16 year old girl forced to grow up who makes mistakes, is taken advantage of but at the end of the day she’s a good person who will do anything for the people she loves. <br/>Peeta has my whole heart such an inherently good character. <br/>President Snow is definitely a very evil, cunning and one the most intresting character that I have ever read. <br/><br/>",,,3,0
214331246,"Sunrise on the Reaping (The Hunger Games, #0.5)",Suzanne Collins,"Collins, Suzanne",,"=""1546171460""","=""9781546171461""",4,4.56,Scholastic Press,Hardcover,387,2025,2025,2025/05/14,2025/04/06,,,read,4.5 <br/><br/>This book really explains Haymitch's alcoholism. This book really felt like the last piece of a puzzle.Suzanne Collins uses this story to really drive home the fact that actual villain is and will always be Snow and the Capitol. Also what's with Snow and his tendency to wage psychological warfare against teenagers like didn't the man have a country to run.,,,1,0
55987278,"Once Upon a Broken Heart (Once Upon a Broken Heart, #1)",Stephanie Garber,"Garber, Stephanie",,"=""1250268397""","=""9781250268396""",3,4.06,Flatiron Books,Hardcover,408,2021,2021,2025/02/17,2025/02/05,,,read,The book had a captivating plot but the only problem for me was pacing. ,,,1,0
62816044,"A Curse for True Love (Once Upon a Broken Heart, #3)",Stephanie Garber,"Garber, Stephanie",,"=""1250851203""","=""9781250851208""",3,4.15,Flatiron,Hardcover,386,2023,2023,2025/03/03,2025/03/02,,,read,3.5 stars <br/>Finally Jacks gets his happy ending!!<br/>But there are a lot of plot that wasn't uncovered. Like what was LaLa's story with Dane? What happens to Chaos? Where the hell is Marisol? What does Jacks eat apples all the time? What about the third kiss Evangeline owed him? What happened to Luc?What happened to Apollo’s brother and his rebellion army? I didn't get a few answers I wanted. There were a LOT of loose ends but u still enjoyed the story,,,1,0
51901147,"The Ballad of Songbirds and Snakes (The Hunger Games, #0)",Suzanne Collins,"Collins, Suzanne",,"=""""","=""""",4,3.99,Scholastic Press,Kindle Edition,541,2020,2020,2025/05/08,2025/04/06,,,read,4.5 stars <br/><br/>Suzanne Collins is such a genius writer.<br/>She made me feel almost bad for Snow but by the end of it he turned into the worst version of himself. I absolutely loved this book and how it ties up the whole Hunger Games Series. Also District 12 girls have my heart. So smart and stubborn always defying Capitol on their own way. <br/>I remember reading the whole hunger games and thought Snow is definitely one of the most intresting characters. From the not so innocent Coryo to absolutely evil mastermind President Coriolanus Snow what a journey!!,,,1,0
231496056,Mahabharat 2025: The Secrets of Shunya,Divyansh Mundra,"Mundra, Divyansh",,"=""936790021X""","=""9789367900215""",0,4.10,Ebury Press,Kindle Edition,231,2025,,,2025/05/07,to-read,to-read (#108),to-read,,,,0,0
203094595,Acts of God,Kanan Gill,"Gill, Kanan",,"=""9356996997""","=""9789356996991""",0,3.90,HarperCollins India,Kindle Edition,435,2024,,,2025/04/28,to-read,to-read (#107),to-read,,,,0,0
7260188,"Mockingjay (The Hunger Games, #3)",Suzanne Collins,"Collins, Suzanne",,"=""0439023513""","=""9780439023511""",5,4.11,Scholastic Press,Hardcover,390,2010,2010,2025/04/22,2023/12/23,,,read,"“We burn, You burn with us” <br/>There are no winners in a war, only survivors. <br/>",,,2,0
2767052,"The Hunger Games (The Hunger Games, #1)",Suzanne Collins,"Collins, Suzanne",,"=""0439023483""","=""9780439023481""",4,4.35,Scholastic Press,Hardcover,374,2008,2008,,2023/12/23,,,read,"I read this book when I was 15 years old but I couldn’t remember much of it, I wanted to read “The Ballad Of Songbirds And Snakes”.I did remember enjoying it even back then but I couldn’t really understand what sort of rebellion Katniss had started but rereading it at almost 20 feels like a whole different experience. <br/><br/>Katniss and Peeta have something that’s so genuine even if she doesn’t understand it completely. I absolutely admire Katniss for her courage. The writing is so well done everything is said so seamlessly and subtly because I recognised so many references that would come up in the next book. The games in itself was such a horrific tale. Even characters you were supposed to hate I couldn’t because they were raised to believe that this horrific game was a good thing. <br/><br/>Overall I’m so glad I decided to reread this.",,,2,0
214151222,"Fearless (The Powerless Trilogy, #3)",Lauren  Roberts,"Roberts, Lauren",,"=""1665955465""","=""9781665955461""",0,4.15,Simon & Schuster Books for Young Readers,Hardcover,593,2025,2025,,2025/04/06,to-read,to-read (#106),to-read,,,,0,0
208503280,The Boyfriend,Freida McFadden,"McFadden, Freida",,"=""1728296226""","=""9781728296227""",2,4.03,Poisoned Pen Press,Paperback,368,2024,2024,2024/10/26,2024/10/25,,,read,,,,1,0
60556912,"The Housemaid (The Housemaid, #1)",Freida McFadden,"McFadden, Freida",,"=""1803144378""","=""9781803144375""",3,4.30,Bookouture,Kindle Edition,329,2022,2022,2024/06/06,2024/05/29,,,read,,,,1,0
5107,The Catcher in the Rye,J.D. Salinger,"Salinger, J.D.",,"=""0316769177""","=""9780316769174""",0,3.80,Back Bay Books,Paperback,277,2001,1951,,2024/05/29,currently-reading,currently-reading (#3),currently-reading,,,,1,0
222331694,Too Good To Be True,Prajakta Koli,"Koli, Prajakta",,"=""9365692040""","=""9789365692044""",2,3.13,Harper Fiction India,Kindle Edition,272,2025,,2025/03/22,2025/03/21,,,read,"1.5 stars<br/>The writing in this book was one of the worst things i have ever read, the plot was mid but the wanna be genz slangs were too much. I’ve read wattpad books with better writing. It was a very wanna be American novel. The main female character was very annoying which made this book even more tedious to read. The main male lead is a one dimensional character with no character development whatsoever. Also how did a 23 year old post graduate law student have so much time on her hand? It’s absolutely ridiculous ",,,1,0
141876074,"Matilda by Shelley, Mary (2013) Paperback",Mary Wollstonecraft Shelley,"Shelley, Mary Wollstonecraft",,"=""""","=""""",0,3.42,Bandanna Books,Paperback,0,2013,1959,,2025/03/21,to-read,to-read (#105),to-read,,,,0,0
16297,"Cards on the Table (Hercule Poirot, #15)",Agatha Christie,"Christie, Agatha",,"=""0425205959""","=""9780425205952""",4,3.96,Berkley,Mass Market Paperback,324,2005,1936,2025/03/21,2025/03/21,,,read,"Agatha Christie’s knowledge of poisons is always fun to read!! <br/>This book was soo good, the plot was so different from any thriller that I have read. When you finally think everything is over she throws in a twist no one can seeing coming. Absolutely brilliant.",,,1,0
63095160,"The Temporary Wife (The Windsors, #2)",Catharina Maura,"Maura, Catharina",,"=""""","=""""",2,4.02,,Kindle Edition,384,2023,2023,,2023/12/23,,,read,,,,1,0
1772910,White Nights,Fyodor Dostoevsky,"Dostoevsky, Fyodor",Olga Shartse,"=""""","=""""",5,4.07,,Paperback,82,1848,1848,2025/03/04,2024/02/06,,,read,“You think you know love then you read white nights” <br/>Pretty much sums up the whole book,,,1,0
27883214,"Caraval (Caraval, #1)",Stephanie Garber,"Garber, Stephanie",,"=""1250095255""","=""9781250095251""",0,3.97,Flatiron Books,Hardcover,407,2017,2016,,2025/03/03,to-read,to-read (#104),to-read,,,,0,0
59808071,"The Ballad of Never After (Once Upon a Broken Heart, #2)",Stephanie Garber,"Garber, Stephanie",,"=""1250268427""","=""9781250268426""",4,4.50,Flatiron Books,Hardcover,416,2022,2022,2025/03/02,2025/03/02,,,read,Oh Jacks :(,,,1,0
9864913,Jaya: 9,Devdutt Pattanaik,"Pattanaik, Devdutt",,"=""014310425X""","=""9780143104254""",3,4.22,Penguin Random House India Pvt. Ltd,Paperback,349,2010,2010,2025/02/25,2025/02/20,,,read,The story is influenced by authors personal views but still stuck to the original Mahabharata scriptures. So a decent read. ,,,1,0
8439160,Parva,S.L. Bhyrappa,"Bhyrappa, S.L.",K. Raghavendra Rao,"=""0948724455""","=""9780948724459""",0,4.44,Sahitya Akademi,Hardcover,950,2009,1979,,2025/02/21,to-read,to-read (#103),to-read,,,,0,0
31557698,One Indian Girl,Chetan Bhagat,"Bhagat, Chetan",,"=""8129142147""","=""9788129142146""",0,3.30,Rupa Publications India,Paperback,272,2016,2016,,2025/02/17,,,read,,,,1,0
207110848,"The Devious Husband (The Windsors, #6)",Catharina Maura,"Maura, Catharina",,"=""""","=""""",2,4.19,,Kindle Edition,356,2024,2024,,2024/08/30,,,read,"The story of Sierra and Xavier was meh. Enemies to lovers but he was always in love with her was all good and all. The best thing for me was that old witch Grandma Anne dying,made the book so much better.",,,1,0
19377953,Shri Ramayana Darshanam,Kuvempu,"Kuvempu, Kuvempu","Shankar Mokashi-Punekar, G.S. Amur","=""8126017287""","=""9788126017287""",0,4.46,Sahitya Akademi,Hardcover,684,2004,1949,,2025/02/05,to-read,to-read (#102),to-read,,,,0,0
17333223,The Goldfinch,Donna Tartt,"Tartt, Donna",,"=""0316055433""","=""9780316055437""",0,3.96,"Little, Brown",Hardcover,771,2013,2013,,2025/02/03,to-read,to-read (#101),to-read,,,,0,0
50607466,"The Henna Artist (The Jaipur Trilogy, #1)",Alka Joshi,"Joshi, Alka",,"=""0778310205""","=""9780778310204""",0,4.18,Mira Books,Paperback,384,2020,2020,,2025/02/01,to-read,to-read (#100),to-read,,,,0,0
44421460,"Before the Coffee Gets Cold (Before the Coffee Gets Cold, #1)",Toshikazu Kawaguchi,"Kawaguchi, Toshikazu",Geoffrey Trousselot,"=""1529029589""","=""9781529029581""",4,3.67,Picador,Paperback,213,2019,2015,2025/02/01,2024/05/29,,,read,,,,1,0
58778536,Do Not Disturb,Freida McFadden,"McFadden, Freida",,"=""""","=""""",3,3.92,Hollywood Upstairs Publishing,Kindle Edition,325,2021,2021,2025/02/01,2025/01/31,,,read,,,,1,0
890,Of Mice and Men,John Steinbeck,"Steinbeck, John",,"=""0142000671""","=""9780142000670""",0,3.89,Penguin Books,Paperback,107,2002,1937,,2025/01/24,to-read,to-read (#99),to-read,,,,0,0
56269064,Rock Paper Scissors,Alice Feeney,"Feeney, Alice",,"=""1250266106""","=""9781250266101""",4,3.89,Flatiron Books,Hardcover,294,2021,2021,2025/01/24,2025/01/24,,,read,,,,1,0
35483371,I Know Who You Are,Alice Feeney,"Feeney, Alice",,"=""0008236070""","=""9780008236076""",0,3.42,HQ,Mass Market Paperback,384,2019,2019,,2025/01/23,to-read,to-read (#98),to-read,,,,0,0
195430687,Blue Sisters,Coco Mellors,"Mellors, Coco",,"=""0593723767""","=""9780593723760""",0,3.94,Ballantine Books,Hardcover,352,2024,2024,,2025/01/15,to-read,to-read (#97),to-read,,,,0,0
57693262,Cleopatra and Frankenstein,Coco Mellors,"Mellors, Coco",,"=""1635576814""","=""9781635576818""",0,3.71,Bloomsbury Publishing,Paperback,368,2022,2022,,2025/01/15,to-read,to-read (#96),to-read,,,,0,0
43822820,"The Family Upstairs (The Family Upstairs, #1)",Lisa Jewell,"Jewell, Lisa",,"=""1501190105""","=""9781501190100""",0,3.96,Atria Books,Hardcover,352,2019,2019,,2025/01/15,to-read,to-read (#95),to-read,,,,0,0
182484360,The Reappearance of Rachel Price,Holly  Jackson,"Jackson, Holly",,"=""0593374207""","=""9780593374207""",3,4.09,Delacorte Press,Hardcover,438,2024,2024,2025/01/07,2024/05/29,,,read,,,,1,0
44318414,The Dutch House,Ann Patchett,"Patchett, Ann",,"=""0062963678""","=""9780062963673""",0,4.10,Harper,Hardcover,337,2019,2019,,2025/01/01,to-read,to-read (#94),to-read,,,,0,0
53285047,"Bunny (Bunny, #1)",Mona Awad,"Awad, Mona",,"=""0525559752""","=""9780525559757""",0,3.48,Penguin Books,Paperback,305,2020,2019,,2024/12/31,to-read,to-read (#93),to-read,,,,0,0
53137893,The Wife Upstairs,Rachel Hawkins,"Hawkins, Rachel",,"=""1250245494""","=""9781250245496""",2,3.73,St. Martin's Press,Hardcover,290,2021,2021,2024/12/27,2024/12/24,,,read,,,,1,0
52843028,"The Mysterious Affair at Styles (Hercule Poirot, #1)",Agatha Christie,"Christie, Agatha",,"=""1734452595""","=""9781734452594""",4,4.00,Warbler Classics,Paperback,174,2020,1920,2024/12/20,2024/11/01,,,read,,,,1,0
220921867,"The Housemaid's Wedding (The Housemaid, #2.5)",Freida McFadden,"McFadden, Freida",,"=""""","=""""",3,3.38,Hollywood Upstairs Press,Kindle Edition,76,2024,2024,2024/12/18,2024/12/18,,,read,,,,1,0
217228151,A Murder in Dehradun,Siddharth  Maheshwari,"Maheshwari, Siddharth",,"=""9361851330""","=""9789361851339""",3,3.58,Paper Towns Publisher,Paperback,,2024,,2024/12/08,2024/12/08,,,read,,,,1,0
62703226,The Only One Left,Riley Sager,"Sager, Riley",,"=""0593183223""","=""9780593183229""",0,4.13,Dutton,Hardcover,383,2023,2023,,2024/12/01,to-read,to-read (#92),to-read,,,,0,0
45032,Mansfield Park,Jane Austen,"Austen, Jane","Kathryn Sutherland, Charles Edmund Brock","=""""","=""""",0,3.86,Penguin Books,Paperback,488,2003,1814,,2024/07/07,to-read,to-read (#88),to-read,,,,0,0
52636419,The Wife Upstairs,Freida McFadden,"McFadden, Freida",,"=""""","=""""",4,4.07,Hollywood Upstairs Press,Kindle Edition,414,2020,2020,2024/11/05,2024/11/03,,,read,,,,1,0
52616342,The Perfect Son,Freida McFadden,"McFadden, Freida",,"=""""","=""""",3,4.02,Hollywood Upstairs Press,Kindle Edition,373,2019,2019,,2024/06/02,,,read,,,,2,0
54197718,One by One,Freida McFadden,"McFadden, Freida",,"=""""","=""""",4,3.86,Hollywood Upstairs Press,Kindle Edition,295,2020,2020,2024/10/27,2024/10/27,,,read,,,,1,0
123423832,The Coworker,Freida McFadden,"McFadden, Freida",,"=""172829620X""","=""9781728296203""",3,3.75,Poisoned Pen Press,Paperback,362,2023,2023,2024/10/26,2024/10/26,,,read,,,,1,0
209418632,All Your Pucking Secrets,A. Rivers,"Rivers, A.",,"=""199130000X""","=""9781991300003""",2,3.56,Two Roads Press Ltd,Kindle Edition,302,2024,,2024/10/26,2024/10/26,,,read,,,,1,0
214364158,"The Wrong Husband (Marriage by Contract, #1)",Maya Alden,"Alden, Maya",,"=""""","=""""",0,3.65,,Kindle Edition,271,2024,2024,2024/10/25,2024/10/25,,,read,,,,1,0
58658940,"The Final Gambit (The Inheritance Games, #3)",Jennifer Lynn Barnes,"Barnes, Jennifer Lynn",,"=""""","=""9780316371124""",4,4.11,"Little, Brown Books for Young Readers",Kindle Edition,400,2022,2022,2024/08/30,2024/08/24,,,read,,,,1,0
50531218,"The Hawthorne Legacy (The Inheritance Games, #2)",Jennifer Lynn Barnes,"Barnes, Jennifer Lynn",,"=""0241480744""","=""9780241480748""",4,4.19,Penguin,Hardcover,380,2021,2021,2024/08/24,2024/08/23,,,read,,,,1,0
52439531,"The Inheritance Games (The Inheritance Games, #1)",Jennifer Lynn Barnes,"Barnes, Jennifer Lynn",,"=""1368052401""","=""9781368052405""",3,4.13,"Little, Brown Books for Young Readers",Hardcover,386,2020,2020,2024/08/23,2024/08/11,,,read,,,,1,0
183086339,"Reckless (The Powerless Trilogy, #2)",Lauren  Roberts,"Roberts, Lauren",,"=""""","=""""",4,4.08,Simon & Schuster Children's UK,Kindle Edition,396,2024,2024,2024/08/14,2024/08/11,,,read,,,,1,0
75513900,"Powerless (The Powerless Trilogy, #1)",Lauren  Roberts,"Roberts, Lauren",,"=""""","=""""",4,4.17,,Kindle Edition,523,2023,2023,2024/08/08,2024/05/29,,,read,,,,1,0
217206738,"King of Wrath (Kings of Sin, #1)",Ana Huang,"Huang, Ana",,"=""""","=""""",5,4.04,,Kindle Edition,398,2022,2022,,2024/08/08,,,read,,,,2,0
12000020,"Aristotle and Dante Discover the Secrets of the Universe (Aristotle and Dante, #1)",Benjamin Alire Sáenz,"Sáenz, Benjamin Alire",,"=""1442408928""","=""9781442408920""",0,4.29,Simon & Schuster Books for Young Readers,Hardcover,390,2012,2012,,2024/07/29,to-read,to-read (#91),to-read,,,,0,0
54590489,The Diary Of A Young Girl,Anne Frank,"Frank, Anne",,"=""""","=""""",0,4.20,,Kindle Edition,,2020,1947,,2024/07/26,currently-reading,currently-reading (#2),currently-reading,,,,1,0
52578297,The Midnight Library,Matt Haig,"Haig, Matt",,"=""0525559477""","=""9780525559474""",2,3.98,Viking,Hardcover,288,2020,2020,2024/07/26,2024/05/29,,,read,,,,1,0
148584,"Elephants Can Remember (Hercule Poirot, #42)",Agatha Christie,"Christie, Agatha",,"=""0425067823""","=""9780425067826""",3,3.66,Berkley,Paperback,212,1984,1972,2024/07/25,2024/07/07,,,read,,,,1,0
7913305,"The Immortals of Meluha (Shiva Trilogy, #1)",Amish Tripathi,"Tripathi, Amish",,"=""""","=""""",0,4.14,Westland ,Paperback,436,2010,2010,,2024/07/18,to-read,to-read (#90),to-read,,,,0,0
62221614,Samsara: Enter the Valley of the Gods,Saksham Garg,"Garg, Saksham",,"=""0143458280""","=""9780143458289""",0,3.44,Penguin Random House India,Paperback,298,2022,,,2024/07/18,to-read,to-read (#89),to-read,,,,0,0
52219386,Almond,Sohn Won-Pyung,"Won-Pyung, Sohn",Joosun Lee,"=""0062961373""","=""9780062961372""",4,4.15,HarperVia,Hardcover,272,2020,2017,2024/07/15,2024/07/13,,,read,,,,1,0
17899948,Rebecca,Daphne du Maurier,"Maurier, Daphne du",,"=""0316323705""","=""9780316323703""",5,4.25,"Little, Brown and Company",Kindle Edition,449,2013,1938,2024/07/13,2024/05/29,,,read,,,,1,0
18045891,Sharp Objects,Gillian Flynn,"Flynn, Gillian",,"=""0297851535""","=""9780297851530""",3,4.01,Broadway Paperbacks,Paperback,254,2007,2006,2024/07/09,2024/03/30,,,read,,,,1,0
22076,From a Buick 8,Stephen        King,"King, Stephen",,"=""0743211375""","=""9780743211376""",0,3.48,Scribner,Hardcover,356,2002,2002,,2024/07/07,to-read,to-read (#87),to-read,,,,0,0
169821456,From a Buck 8.,Stephen        King,"King, Stephen",,"=""""","=""""",0,5.00,Scribner New York,Unknown Binding,0,2002,,,2024/07/07,to-read,to-read (#86),to-read,,,,0,0
10603,Cujo,Stephen        King,"King, Stephen",,"=""0307348245""","=""9780307348241""",0,3.80,Debolsillo,Mass Market Paperback,432,2006,1981,,2024/07/07,to-read,to-read (#85),to-read,,,,0,0
10579,Everything's Eventual,Stephen        King,"King, Stephen",,"=""1416524355""","=""9781416524359""",0,3.97,Pocket,Mass Market Paperback,605,2005,2002,,2024/07/07,to-read,to-read (#84),to-read,,,,0,0
226377,"Childhood, Boyhood, Youth",Leo Tolstoy,"Tolstoy, Leo",Rosemary Edmonds,"=""0140441395""","=""9780140441390""",0,3.90,Penguin Classics / Penguin Books,Paperback,320,1981,1886,,2024/07/05,to-read,to-read (#83),to-read,,,,0,0
9777,The God of Small Things,Arundhati Roy,"Roy, Arundhati",,"=""0679457313""","=""9780679457312""",0,3.96,Random House,Paperback,321,1997,1997,,2024/07/02,to-read,to-read (#82),to-read,,,,0,0
2078076,The Collected Poems,Sylvia Plath,"Plath, Sylvia",,"=""""","=""""",0,4.25,Harper Perennial Modern Classics,Paperback,384,2018,1981,,2024/07/01,to-read,to-read (#81),to-read,,,,0,0
17690,The Trial,Franz Kafka,"Kafka, Franz","Max Brod, Willa Muir, Edwin Muir","=""""","=""""",0,3.94,Vintage,Paperback,255,2001,1925,,2024/07/01,to-read,to-read (#80),to-read,,,,0,0
11991,The Fall,Albert Camus,"Camus, Albert",Justin O'Brien,"=""0679720227""","=""9780679720225""",0,4.03,Vintage Books,Paperback,147,1991,1956,,2024/07/01,to-read,to-read (#79),to-read,,,,0,0
18386,The Death of Ivan Ilych,Leo Tolstoy,"Tolstoy, Leo","Aylmer Maude, Louise Maude","=""""","=""""",0,4.14,Waking Lion Press,Paperback,86,2006,1886,,2024/07/01,to-read,to-read (#78),to-read,,,,0,0
280455,The Gentle Spirit,Fyodor Dostoevsky,"Dostoevsky, Fyodor",Fyodor Dostoyevsky,"=""141910134X""","=""9781419101342""",0,3.90,Kessinger Publishing,Paperback,86,2004,1876,,2024/07/01,to-read,to-read (#77),to-read,,,,0,0
62047984,Yellowface,R.F. Kuang,"Kuang, R.F.",,"=""000853277X""","=""9780008532772""",3,3.74,William Morrow,Paperback,319,2023,2023,2024/07/01,2024/03/30,,,read,,,,1,0
75491526,"King of Sloth (Kings of Sin, #4)",Ana Huang,"Huang, Ana",,"=""""","=""""",3,4.00,,Kindle Edition,466,2024,2024,2024/05/03,2023/12/23,,,read,,,,1,0
48617752,Everything My Mother Taught Me,Alice Hoffman,"Hoffman, Alice",,"=""1542091454""","=""""",2,3.98,Amazon Original Stories,Kindle Edition,28,2019,2019,2024/06/02,2024/06/01,,,read,,,,1,0
62848145,"The Housemaid's Secret (The Housemaid, #2)",Freida McFadden,"McFadden, Freida",,"=""1837901317""","=""9781837901319""",3,4.20,Bookouture,Kindle Edition,318,2023,2023,2024/06/09,2024/05/29,,,read,,,,1,0
39020,1491: New Revelations of the Americas Before Columbus,Charles C. Mann,"Mann, Charles C.",,"=""1400032059""","=""9781400032051""",0,4.05,Vintage,Paperback,563,2011,2005,,2024/07/01,to-read,to-read (#76),to-read,,,,0,0
60435878,Carrie Soto Is Back,Taylor Jenkins Reid,"Reid, Taylor Jenkins",,"=""0593158687""","=""9780593158685""",0,4.20,Ballantine Books,Hardcover,384,2022,2022,,2024/06/29,to-read,to-read (#75),to-read,,,,0,0
16366,Endless Night,Agatha Christie,"Christie, Agatha",,"=""0007151675""","=""9780007151677""",4,3.81,Harper,Paperback,303,2007,1967,2024/06/27,2024/06/23,,,read,,,,1,0
207639332,Fool Me Twice,Nona Uppal,"Uppal, Nona",,"=""935708827X""","=""9789357088275""",0,3.64,Ebury Press,Kindle Edition,248,2024,,,2024/06/22,to-read,to-read (#74),to-read,,,,0,0
61157203,Oliver Twist : illustrated Abridged Children Classics English Novel with Review Questions (Illustrated Classics),Charles Dickens,"Dickens, Charles",,"=""9354402267""","=""9789354402265""",3,3.56,Wonder House Books,Hardcover,240,2021,,2024/06/11,2024/06/11,,,read,,,,1,0
199235727,"The Housemaid Is Watching (The Housemaid, #3)",Freida McFadden,"McFadden, Freida",,"=""1464223319""","=""9781464223310""",3,3.87,Sourcebooks,Paperback,364,2024,2024,2024/06/11,2024/06/06,,,read,,,,1,0
63400706,"Shatter Me. Le novelle vol. 1 (Shatter Me, #1.5, 2.5, 4.5)",Tahereh Mafi,"Mafi, Tahereh",Annarita Guarnieri,"=""8834741412""","=""9788834741412""",4,4.04,Fanucci Editore,Kindle Edition,235,2022,,,2023/12/23,,,read,,,,1,0
136251,"Harry Potter and the Deathly Hallows (Harry Potter, #7)",J.K. Rowling,"Rowling, J.K.",,"=""""","=""""",5,4.62,Arthur A. Levine Books,Hardcover,759,2007,2007,,2023/12/23,,,read,,,,1,0
1,"Harry Potter and the Half-Blood Prince (Harry Potter, #6)",J.K. Rowling,"Rowling, J.K.",,"=""""","=""""",5,4.58,Scholastic Inc,Paperback,652,2006,2005,,2023/12/23,,,read,,,,1,0
2,"Harry Potter and the Order of the Phoenix (Harry Potter, #5)",J.K. Rowling,"Rowling, J.K.",Mary GrandPré,"=""""","=""""",5,4.50,Scholastic Inc.,Paperback,912,2004,2003,,2023/12/23,,,read,,,,1,0
6,"Harry Potter and the Goblet of Fire (Harry Potter, #4)",J.K. Rowling,"Rowling, J.K.",Mary GrandPré,"=""0439139597""","=""9780439139595""",5,4.57,Scholastic,Paperback,734,2002,2000,,2023/12/23,,,read,,,,1,0
15881,"Harry Potter and the Chamber of Secrets (Harry Potter, #2)",J.K. Rowling,"Rowling, J.K.",Mary GrandPré,"=""""","=""""",5,4.43,Arthur A. Levine Books,Hardcover,352,1999,1998,,2023/12/23,,,read,,,,1,0
5,"Harry Potter and the Prisoner of Azkaban (Harry Potter, #3)",J.K. Rowling,"Rowling, J.K.",Mary GrandPré,"=""043965548X""","=""9780439655484""",5,4.58,Scholastic Inc.,Mass Market Paperback,435,2004,1999,,2023/12/23,,,read,,,,1,0
42844155,"Harry Potter and the Philosopher’s Stone (Harry Potter, #1)",J.K. Rowling,"Rowling, J.K.",Olly Moss,"=""""","=""""",5,4.47,Pottermore Publishing,Kindle Edition,333,2015,1997,,2023/12/23,,,read,,,,1,0
61431922,"Fourth Wing (The Empyrean, #1)",Rebecca Yarros,"Yarros, Rebecca",,"=""1649374046""","=""9781649374042""",3,4.58,Entangled: Red Tower Books,Hardcover,517,2023,2023,,2023/12/23,,,read,,,,1,0
124943221,"King of Greed (Kings of Sin, #3)",Ana Huang,"Huang, Ana",,"=""""","=""""",4,3.92,,Kindle Edition,352,2023,2023,,2023/12/23,,,read,,,,1,0
62994279,"King of Pride (Kings of Sin, #2)",Ana Huang,"Huang, Ana",,"=""""","=""""",2,3.92,,Kindle Edition,358,2023,2023,,2023/12/23,,,read,,,,1,0
161176794,"Sable Peak (The Edens, #6)",Devney Perry,"Perry, Devney",,"=""1957376422""","=""9781957376424""",3,4.20,,Kindle Edition,343,2023,2023,,2023/12/23,,,read,,,,1,0
75579822,"Crimson River (The Edens, #5)",Devney Perry,"Perry, Devney",,"=""1957376325""","=""9781957376325""",3,4.14,Devney Perry LLC,Kindle Edition,336,2023,2023,,2023/12/23,,,read,,,,1,0
61431600,"Jasper Vale (The Edens, #4)",Devney Perry,"Perry, Devney",,"=""195737621X""","=""9781957376219""",3,4.11,,Kindle Edition,354,2023,2023,,2023/12/23,,,read,,,,1,0
59730242,"Garnet Flats (The Edens, #3)",Devney Perry,"Perry, Devney",,"=""1950692981""","=""9781950692989""",2,3.78,Devney Perry LLC,Kindle Edition,346,2022,2022,,2023/12/23,,,read,,,,1,0
59114267,"Juniper Hill (The Edens, #2)",Devney Perry,"Perry, Devney",,"=""1950692701""","=""9781950692705""",3,4.14,Devney Perry,Kindle Edition,326,2022,2022,,2023/12/23,,,read,,,,1,0
60217302,"Twisted Lies (Twisted, #4)",Ana Huang,"Huang, Ana",,"=""""","=""""",4,4.17,,Kindle Edition,530,2022,2022,,2023/12/23,,,read,,,,1,0
56688531,"Twisted Hate (Twisted, #3)",Ana Huang,"Huang, Ana",,"=""""","=""""",4,3.96,,Kindle Edition,522,2022,2022,,2023/12/23,,,read,,,,1,0
56653002,"Twisted Games (Twisted, #2)",Ana Huang,"Huang, Ana",,"=""""","=""""",3,4.09,,Kindle Edition,456,2021,2021,,2023/12/23,,,read,,,,1,0
74045390,"The Fine Print (Dreamland Billionaires, #1)",Lauren Asher,"Asher, Lauren",,"=""1737507714""","=""9781737507710""",3,3.82,Bloom Books,Paperback,448,2022,2021,,2023/12/23,,,read,,,,1,0
61681786,"Final Offer (Dreamland Billionaires, #3)",Lauren Asher,"Asher, Lauren",,"=""172827222X""","=""9781728272221""",4,4.19,Bloom Books,Paperback,583,2023,2023,,2023/12/23,,,read,,,,1,0
86767939,"Terms and Conditions  (Dreamland Billionaires, #2)",Lauren Asher,"Asher, Lauren",,"=""1737507722""","=""9781737507727""",3,4.09,,Kindle Edition,494,2022,2022,,2023/12/23,,,read,,,,1,0
55404546,Malibu Rising,Taylor Jenkins Reid,"Reid, Taylor Jenkins",,"=""1524798657""","=""9781524798659""",5,4.03,Ballantine Books,Hardcover,369,2021,2021,,2023/12/23,,,read,,,,1,0
40597810,Daisy Jones & The Six,Taylor Jenkins Reid,"Reid, Taylor Jenkins",,"=""1524798622""","=""9781524798628""",2,4.20,Ballantine Books,Hardcover,368,2019,2019,,2023/12/23,,,read,,,,1,0
29056083,"Harry Potter and the Cursed Child: Parts One and Two (Harry Potter, #8)",J.K. Rowling,"Rowling, J.K.","Jack Thorne, John Tiffany","=""0540027340""","=""9780540027347""",3,3.48,"Little, Brown",Hardcover,343,2016,2016,,2023/12/23,,,read,,,,1,0
1774836,The Palace of Illusions,Chitra Banerjee Divakaruni,"Divakaruni, Chitra Banerjee",,"=""0385515995""","=""9780385515993""",3,4.20,Doubleday,Hardcover,360,2008,2008,2024/03/22,2024/03/20,,,read,,,,1,0
57795665,The Locked Door,Freida McFadden,"McFadden, Freida",,"=""""","=""""",4,3.99,Hollywood Upstairs Press,Kindle Edition,313,2021,2021,2024/06/02,2024/05/31,,,read,,,,1,0
63945326,The Gift,Freida McFadden,"McFadden, Freida",,"=""""","=""""",3,3.23,Hollywood Upstairs Publishing,Kindle Edition,47,2022,2022,2024/05/31,2024/05/31,,,read,,,,1,0
62080187,Never Lie,Freida McFadden,"McFadden, Freida",,"=""""","=""""",4,4.09,Hollywood Upstairs Press,Kindle Edition,286,2022,2022,2024/05/31,2024/05/29,,,read,,,,1,0
2523661,The Odyssey of Homer,Elizabeth Vandiver,"Vandiver, Elizabeth",,"=""1565853180""","=""9781565853188""",0,4.45,The Great Courses ,Audio CD,12,1999,1999,,2024/05/29,to-read,to-read (#73),to-read,,,,0,0
50623864,The Invisible Life of Addie LaRue,V.E. Schwab,"Schwab, V.E.",Victoria Schwab,"=""0765387565""","=""9780765387561""",0,4.17,Tor Books,Hardcover,448,2020,2020,,2024/05/29,to-read,to-read (#72),to-read,,,,0,0
38359036,"The Tattooist of Auschwitz (The Tattooist of Auschwitz, #1)",Heather   Morris,"Morris, Heather",,"=""006287067X""","=""9780062870674""",0,4.31,Harper,Hardcover,272,2018,2018,,2024/05/29,to-read,to-read (#71),to-read,,,,0,0
16315,Crooked House,Agatha Christie,"Christie, Agatha",,"=""031298166X""","=""9780312981662""",0,4.08,Minotaur Books,Mass Market Paperback,276,2002,1949,,2024/05/29,to-read,to-read (#70),to-read,,,,0,0
612478,The Golden Ball and Other Stories,Agatha Christie,"Christie, Agatha",,"=""0312981694""","=""9780312981693""",0,4.02,Minotaur Books,Mass Market Paperback,288,2002,1971,,2024/05/29,to-read,to-read (#69),to-read,,,,0,0
131356,Agatha Christie and the Eleven Missing Days,Jared Cade,"Cade, Jared",,"=""0720612802""","=""9780720612806""",0,4.19,Peter Owen Publishers,Paperback,256,2006,1998,,2024/05/29,to-read,to-read (#68),to-read,,,,0,0
10771134,Agatha Christie: Murder in the Making: More Stories and Secrets from Her Notebooks,John  Curran,"Curran, John",,"=""1620904098""","=""9780062065421""",0,4.34,HarperCollinsPublishers,Hardcover,432,2011,2011,,2024/05/29,to-read,to-read (#67),to-read,,,,0,0
6802629,Dan Brown's The Lost Symbol,Nigel Tomm,"Tomm, Nigel",,"=""""","=""""",0,4.26,"CreateSpace Independent Publishing Platform, 2009",ebook,244,2009,,,2024/05/29,to-read,to-read (#66),to-read,,,,0,0
65916344,Holly (Holly Gibney #3),Stephen        King,"King, Stephen",,"=""1668016133""","=""9781668016138""",0,4.08,Scribner,Hardcover,449,2023,2023,,2024/05/29,to-read,to-read (#65),to-read,,,,0,0
17686,"Diaries, 1910-1923",Franz Kafka,"Kafka, Franz",,"=""0805209069""","=""9780805209068""",0,4.23,Schocken,Paperback,521,1988,1949,,2024/05/29,to-read,to-read (#64),to-read,,,,0,0
10964,"Outlander (Outlander, #1)",Diana Gabaldon,"Gabaldon, Diana",,"=""0440242940""","=""9780440242949""",0,4.26,Dell,Mass Market Paperback,850,2005,1991,,2024/05/29,to-read,to-read (#63),to-read,,,,0,0
2623,Great Expectations,Charles Dickens,"Dickens, Charles","Kate Flint, Margaret Cardwell","=""0192833596""","=""9780192833594""",0,3.80,Oxford University Press,Paperback,544,1998,1861,,2024/05/29,to-read,to-read (#62),to-read,,,,0,0
61215351,"The Fellowship of the Ring (The Lord of the Rings, #1)",J.R.R. Tolkien,"Tolkien, J.R.R.",,"=""""","=""""",0,4.40,William Morrow,Kindle Edition,432,2022,1954,,2024/05/29,to-read,to-read (#61),to-read,,,,0,0
3590,"The Adventures of Sherlock Holmes (Sherlock Holmes, #3)",Arthur Conan Doyle,"Doyle, Arthur Conan",,"=""""","=""""",0,4.30,Oxford University Press,Paperback,389,1998,1892,,2024/05/29,to-read,to-read (#60),to-read,,,,0,0
39988,Matilda,Roald Dahl,"Dahl, Roald",Quentin Blake,"=""043512398X""","=""9780435123987""",0,4.33,New Windmills,Hardcover,240,1992,1988,,2024/05/29,to-read,to-read (#59),to-read,,,,0,0
1953,A Tale of Two Cities,Charles Dickens,"Dickens, Charles",Richard Maxwell,"=""0141439602""","=""9780141439600""",0,3.88,Penguin Books,Paperback,489,2003,1859,,2024/05/29,to-read,to-read (#58),to-read,,,,0,0
2956,The Adventures of Huckleberry Finn,Mark Twain,"Twain, Mark","Guy Cardwell, E.W. Kemble, John Seelye, Walter Trier, Tom Wilson, William Little Hughes","=""0142437174""","=""9780142437179""",0,3.83,Penguin Classics,Paperback,327,2002,1884,,2024/05/29,to-read,to-read (#57),to-read,,,,0,0
38447,"The Handmaid’s Tale (The Handmaid's Tale, #1)",Margaret Atwood,"Atwood, Margaret",,"=""038549081X""","=""9780385490818""",0,4.15,Anchor Books,Paperback,311,1998,1985,,2024/05/29,to-read,to-read (#56),to-read,,,,0,0
30,J.R.R. Tolkien 4-Book Boxed Set: The Hobbit and The Lord of the Rings,J.R.R. Tolkien,"Tolkien, J.R.R.",,"=""0345538374""","=""9780345538376""",0,4.61,Ballantine Books,Mass Market Paperback,1728,2012,1954,,2024/05/29,to-read,to-read (#55),to-read,,,,0,0
2657,To Kill a Mockingbird,Harper Lee,"Lee, Harper",,"=""0060935464""","=""9780060935467""",0,4.26,Harper Perennial Modern Classics ,Paperback,323,2006,1960,,2024/05/29,to-read,to-read (#54),to-read,,,,0,0
56732449,The Love Hypothesis,Ali Hazelwood,"Hazelwood, Ali",,"=""0593336828""","=""9780593336823""",3,4.11,"A Jove Book, Berkley",Paperback,356,2021,2021,,2023/12/23,,,read,,,,1,0
32620332,The Seven Husbands of Evelyn Hugo,Taylor Jenkins Reid,"Reid, Taylor Jenkins",,"=""1501139231""","=""9781501139239""",5,4.40,Atria Books,Hardcover,389,2017,2017,,2023/12/23,,,read,,,,1,0
55817097,"Twisted Love (Twisted, #1)",Ana Huang,"Huang, Ana",,"=""""","=""""",4,3.71,,Kindle Edition,360,2021,2021,,2023/12/23,,,read,,,,1,0
36373463,"Us Against You (Beartown, #2)",Fredrik Backman,"Backman, Fredrik",Neil Smith,"=""1501160796""","=""9781501160790""",0,4.37,Atria Books,Hardcover,448,2018,2017,,2024/05/29,to-read,to-read (#53),to-read,,,,0,0
49127718,Anxious People,Fredrik Backman,"Backman, Fredrik",Neil   Smith,"=""198216963X""","=""9781982169633""",0,4.17,Atria Publishing,Hardcover,336,2019,2019,,2024/05/29,to-read,to-read (#52),to-read,,,,0,0
18774964,A Man Called Ove,Fredrik Backman,"Backman, Fredrik",Henning Koch,"=""1476738017""","=""9781476738017""",0,4.38,Atria Books,Hardcover,337,2014,2012,,2024/05/29,to-read,to-read (#51),to-read,,,,0,0
33413128,"Beartown (Beartown, #1)",Fredrik Backman,"Backman, Fredrik",Neil Smith,"=""""","=""""",0,4.29,Simon & Schuster,ebook,432,2017,2016,,2024/05/29,to-read,to-read (#50),to-read,,,,0,0
18521,A Room of One’s Own,Virginia Woolf,"Woolf, Virginia",,"=""""","=""""",0,4.22,Penguin Books,Paperback,112,2000,1929,,2024/05/29,to-read,to-read (#49),to-read,,,,0,0
15682,A Happy Death,Albert Camus,"Camus, Albert","Richard Howard, Jean Sarocchi","=""""","=""""",0,3.81,Penguin Classics,Paperback,144,2002,1971,,2024/05/29,to-read,to-read (#48),to-read,,,,0,0
17689,Franz Kafka's The Castle (Dramatization),David Fishelson,"Fishelson, David","Aaron Leichter, Max Brod, Franz Kafka","=""082221900X""","=""9780822219002""",0,4.10,"Dramatists Play Service, Inc.",Paperback,59,2003,2003,,2024/05/29,to-read,to-read (#47),to-read,,,,0,0
15823480,Anna Karenina,Leo Tolstoy,"Tolstoy, Leo","Aylmer Maude, Louise Maude, Dieter Wellershoff, Bruno Goetz, Lev Tolstoj, Léon Tolstoï","=""0345803922""","=""9780345803924""",0,4.10,Vintage,Paperback,964,2012,1878,,2024/05/29,to-read,to-read (#46),to-read,,,,0,0
1885,Pride and Prejudice,Jane Austen,"Austen, Jane",Anna Quindlen,"=""1441341706""","=""9781441341709""",0,4.29,Modern Library,Paperback,279,2023,1813,,2024/05/29,to-read,to-read (#45),to-read,,,,0,0
7604,Lolita,Vladimir Nabokov,"Nabokov, Vladimir",Craig Raine,"=""""","=""""",0,3.87,Penguin,Paperback,368,1995,1955,,2024/05/29,to-read,to-read (#43),to-read,,,,0,0
1420,Hamlet,William Shakespeare,"Shakespeare, William","Harold Bloom, Rex Gibson, Israel Gollancz, Henry Norman Hudson, L.A. Sherman, Max J. Herzberg","=""0521618746""","=""9780521618748""",0,4.02,Cambridge University Press,Paperback,289,2005,1601,,2024/05/29,to-read,to-read (#44),to-read,,,,0,0
1934,"Little Women (Little Women, #1)",Louisa May Alcott,"Alcott, Louisa May","Regina Barreca, Grzegorz Komerski, Marta Fihel","=""""","=""""",0,4.17,Signet Classics,Mass Market Paperback,449,2004,1868,,2024/05/29,to-read,to-read (#42),to-read,,,,0,0
6969,Emma,Jane Austen,"Austen, Jane",Fiona Stafford,"=""0141439580""","=""9780141439587""",0,4.05,Penguin Books,Paperback,474,2003,1815,,2024/05/29,to-read,to-read (#41),to-read,,,,0,0
6514,The Bell Jar,Sylvia Plath,"Plath, Sylvia",,"=""0571268862""","=""9780571268863""",0,4.05,Harper Perennial Modern Classics,Paperback,294,2006,1963,,2024/05/29,to-read,to-read (#40),to-read,,,,0,0
61439040,1984,George Orwell,"Orwell, George",Thomas Pynchon,"=""0452284236""","=""9780452284234""",0,4.20,Plume,Paperback,368,2022,1949,,2024/05/29,to-read,to-read (#39),to-read,,,,0,0
170448,Animal Farm,George Orwell,"Orwell, George","Russell Baker, C.M. Woodhouse","=""0451526341""","=""9780451526342""",0,4.01,Signet Classics,Mass Market Paperback,141,1996,1945,,2024/05/29,to-read,to-read (#38),to-read,,,,0,0
11989,The Plague,Albert Camus,"Camus, Albert",Stuart Gilbert,"=""""","=""""",0,4.02,Vintage International,Paperback,308,1991,1947,,2024/05/29,to-read,to-read (#37),to-read,,,,0,0
17245,Dracula,Bram Stoker,"Stoker, Bram","Rubén Toledo, Nina Auerbach, David J. Skal","=""0393970124""","=""9780393970128""",0,4.02,Norton,Paperback,488,1986,1897,,2024/05/29,to-read,to-read (#36),to-read,,,,0,0
13079982,Fahrenheit 451,Ray Bradbury,"Bradbury, Ray",,"=""""","=""""",0,3.97,Simon & Schuster,Kindle Edition,194,2011,1953,,2024/05/29,to-read,to-read (#35),to-read,,,,0,0
10210,Jane Eyre,Charlotte Brontë,"Brontë, Charlotte",Michael Mason,"=""0142437204""","=""9780142437209""",0,4.15,Penguin,Paperback,532,2003,1846,,2024/05/29,to-read,to-read (#34),to-read,,,,0,0
6185,Wuthering Heights,Emily Brontë,"Brontë, Emily","Richard J. Dunn, Charlotte Brontë, John Bugg, Robert Heindel","=""""","=""""",0,3.90,Norton,Paperback,464,2002,1847,,2024/05/29,to-read,to-read (#33),to-read,,,,0,0
49552,The Stranger,Albert Camus,"Camus, Albert",Matthew  Ward,"=""""","=""""",0,4.03,Vintage International,Paperback,123,1989,1942,,2024/05/29,to-read,to-read (#32),to-read,,,,0,0
195967140,The Teacher,Freida McFadden,"McFadden, Freida",,"=""1728296218""","=""9781728296210""",4,3.90,Poisoned Pen Press,Paperback,379,2024,2024,2024/05/24,2024/05/24,,,read,,,,1,0
11125,Digital Fortress,Dan    Brown,"Brown, Dan",,"=""""","=""""",3,3.70,Corgi books,Paperback,510,2004,1998,2024/05/26,2024/05/26,,,read,,,,1,0
23591861,The Neon Lawyer (Brigham Theodore #1),Victor Methos,"Methos, Victor",,"=""1477875964""","=""9781477875964""",4,4.21,Thomas & Mercer,Kindle Edition,178,2014,2014,2024/05/23,2024/05/23,,,read,,,,1,0
62316382,"The Wrong Bride (The Windsors, #1)",Catharina Maura,"Maura, Catharina",,"=""""","=""""",3,3.87,,Kindle Edition,382,2022,2022,,2023/12/23,,,read,,,,1,0
3007816,Getting Granny's Glasses (Puffin Chapter Books),Ruskin Bond,"Bond, Ruskin",,"=""0143332465""","=""9780143332466""",5,4.45,Penguin Books India,Paperback,72,2012,1985,2024/05/19,2024/05/19,,,read,,,,1,0
13065261,Joy,Anton Chekhov,"Chekhov, Anton",,"=""""","=""""",0,3.26,,Kindle Edition,19,,1883,,2024/05/13,,,read,,,,1,0
40554247,Birthday Girl,Haruki Murakami,"Murakami, Haruki",Jay Rubin,"=""1787301257""","=""9781787301252""",3,3.56,Harvill Secker,Paperback,48,2019,2002,2024/05/07,2024/05/07,,,read,,,,1,0
16360,"Murder in Mesopotamia (Hercule Poirot, #14)",Agatha Christie,"Christie, Agatha",,"=""0007113803""","=""9780007113804""",4,3.94,Harper,Paperback,264,2001,1936,2024/05/06,2024/05/05,,,read,,,,1,0
55710822,"Better Than the Movies (Better Than the Movies, #1)",Lynn Painter,"Painter, Lynn",,"=""1534467629""","=""9781534467620""",4,4.27,Simon & Schuster Books for Young Readers,Hardcover,356,2021,2021,2024/04/29,2024/04/24,,,read,,,,1,0
88340,Letters to Milena,Franz Kafka,"Kafka, Franz","Philip Boehm, Aarno Peromies, Milena Jesenská","=""0805208852""","=""9780805208856""",0,3.92,Schocken,Paperback,298,1990,1952,,2024/04/20,to-read,to-read (#31),to-read,,,,0,0
206318521,Just Kids,Patti Smith,"Smith, Patti",,"=""006621131X""","=""9780066211312""",0,4.21,Ecco,Hardcover,262,2010,2010,,2024/04/19,to-read,to-read (#30),to-read,,,,0,0
16307,"Hallowe'en Party (Hercule Poirot, #41)",Agatha Christie,"Christie, Agatha",,"=""0007120680""","=""9780007120680""",3,3.57,Harper,Paperback,336,2001,1969,2024/04/14,2024/04/07,,,read,,,,1,0
90202302,"Iron Flame (The Empyrean, #2)",Rebecca Yarros,"Yarros, Rebecca",,"=""1649374178""","=""9781649374172""",0,4.37,Entangled: Red Tower Books,Hardcover,623,2023,2023,,2023/12/23,to-read,to-read (#29),to-read,,,,1,0
39999,The Boy in the Striped Pajamas,John Boyne,"Boyne, John",,"=""0385751079""","=""9780385751070""",5,4.16,David Fickling Books,Hardcover,224,2006,2006,,2023/12/23,,,read,,,,1,0
22628,The Perks of Being a Wallflower,Stephen Chbosky,"Chbosky, Stephen",,"=""""","=""""",5,4.24,MTV Books/Pocket Books,Hardcover,213,1999,1999,,2023/12/23,,,read,,,,1,0
18460392,All the Bright Places,Jennifer Niven,"Niven, Jennifer",,"=""0385755880""","=""9780385755887""",4,4.11,Knopf,Hardcover,388,2015,2015,,2023/12/23,,,read,,,,1,0
11870085,The Fault in Our Stars,John Green,"Green, John",,"=""""","=""""",4,4.13,Dutton Books,Hardcover,313,2012,2012,,2023/12/23,,,read,,,,1,0
13623848,The Song of Achilles,Madeline Miller,"Miller, Madeline",,"=""""","=""""",5,4.31,Ecco,Paperback,408,2012,2011,,2023/12/23,,,read,,,,1,0
13104080,"Unravel Me (Shatter Me, #2)",Tahereh Mafi,"Mafi, Tahereh",,"=""0062085530""","=""9780062085535""",4,4.11,HarperCollins ,Hardcover,480,2013,2013,,2023/12/23,,,read,,,,1,0
13188676,"Ignite Me (Shatter Me, #3)",Tahereh Mafi,"Mafi, Tahereh",,"=""006208559X""","=""9780062085597""",5,4.45,HarperCollins ,Kindle Edition,408,2014,2014,,2023/12/23,,,read,,,,1,0
34992929,"Restore Me (Shatter Me, #4)",Tahereh Mafi,"Mafi, Tahereh",,"=""0062676369""","=""9780062676368""",4,4.14,HarperCollins,Hardcover,448,2018,2018,,2023/12/23,,,read,,,,1,0
34992959,"Defy Me (Shatter Me, #5)",Tahereh Mafi,"Mafi, Tahereh",,"=""0062676393""","=""9780062676399""",4,4.27,HarperTeen,Hardcover,357,2019,2019,,2023/12/23,,,read,,,,1,0
44054122,"Imagine Me (Shatter Me, #6)",Tahereh Mafi,"Mafi, Tahereh",,"=""006267644X""","=""9780062676443""",4,4.01,HarperCollins,ebook,450,2020,2020,,2023/12/23,,,read,,,,1,0
104659050,"The Unwanted Marriage (The Windsors, #3)",Catharina Maura,"Maura, Catharina",,"=""""","=""""",3,4.03,,Kindle Edition,374,2023,2023,,2023/12/23,,,read,,,,1,0
45484397,"The Deal (Off-Campus, #1)",Elle Kennedy,"Kennedy, Elle",,"=""""","=""""",4,4.21,Bloom Books,Paperback,360,2015,2015,,2023/12/23,,,read,,,,1,0
150062296,"The Broken Vows (The Windsors, #4)",Catharina Maura,"Maura, Catharina",,"=""""","=""""",3,4.05,,Kindle Edition,557,2023,,,2023/12/23,,,read,,,,1,0
60060431,"Things We Never Got Over (Knockemout, #1)",Lucy Score,"Score, Lucy",,"=""1945631848""","=""9781945631849""",4,4.13,That's What She Said Publishing,Kindle Edition,572,2022,2022,,2023/12/23,,,read,,,,1,0
62022434,"Things We Hide from the Light (Knockemout, #2)",Lucy Score,"Score, Lucy",,"=""""","=""9798886439045""",3,4.04,That's What She Said Publishing,Kindle Edition,594,2023,2023,,2023/12/23,,,read,,,,1,0
116536542,"Things We Left Behind (Knockemout, #3)",Lucy Score,"Score, Lucy",,"=""""","=""9798886439298""",4,4.40,That's What She Said Publishing,Kindle Edition,698,2023,2023,,2023/12/23,,,read,,,,1,0
27362503,"It Ends with Us (It Ends with Us, #1)",Colleen Hoover,"Hoover, Colleen",,"=""1668021048""","=""9781668021040""",3,4.10,Atria Books,Kindle Edition,386,2023,2016,,2023/12/23,,,read,,,,1,0
60393672,"It Starts with Us (It Ends with Us, #2)",Colleen Hoover,"Hoover, Colleen",,"=""1668001225""","=""9781668001226""",1,3.85,Atria Books,Paperback,324,2022,2022,,2023/12/23,,,read,,,,1,0
17788401,Ugly Love,Colleen Hoover,"Hoover, Colleen",,"=""""","=""""",2,4.00,Atria Books,Kindle Edition,330,2014,2014,,2023/12/23,,,read,,,,1,0
128029,A Thousand Splendid Suns,Khaled Hosseini,"Hosseini, Khaled",,"=""1594489505""","=""9781594489501""",5,4.45,Riverhead Books,Hardcover,372,2007,2007,,2023/12/23,,,read,,,,1,0
77203,The Kite Runner,Khaled Hosseini,"Hosseini, Khaled",,"=""159463193X""","=""9781594631931""",5,4.35,Riverhead Books,Paperback,371,2004,2003,,2023/12/23,,,read,,,,1,0
960,"Angels & Demons (Robert Langdon, #1)",Dan    Brown,"Brown, Dan",,"=""1416524797""","=""9781416524793""",4,3.95,Pocket Books,Paperback,736,2006,2000,,2023/12/23,,,read,,,,1,0
968,"The da Vinci Code (Robert Langdon, #2)",Dan    Brown,"Brown, Dan",,"=""""","=""""",3,3.93,Anchor,Paperback,489,2006,2003,,2023/12/23,,,read,,,,1,0
40097951,The Silent Patient,Alex Michaelides,"Michaelides, Alex",,"=""1250301696""","=""9781250301697""",4,4.17,Celadon Books,Hardcover,336,2019,2019,,2023/12/23,,,read,,,,1,0
19063,The Book Thief,Markus Zusak,"Zusak, Markus",,"=""""","=""""",5,4.39,Alfred A. Knopf,Kindle Edition,592,2006,2005,,2023/12/23,,,read,,,,1,0
23437156,"Six of Crows (Six of Crows, #1)",Leigh Bardugo,"Bardugo, Leigh",,"=""1627792120""","=""9781627792127""",5,4.46,Henry Holt & Company,Hardcover,480,2015,2015,,2023/12/23,,,read,,,,1,0
22299763,"Crooked Kingdom (Six of Crows, #2)",Leigh Bardugo,"Bardugo, Leigh",,"=""""","=""""",5,4.58,Orion Children's Books,Kindle Edition,561,2016,2016,,2023/12/23,,,read,,,,1,0
40916679,"A Good Girl's Guide to Murder (A Good Girl's Guide to Murder, #1)",Holly  Jackson,"Jackson, Holly",,"=""1405293187""","=""9781405293181""",4,4.29,Electric Monkey,Paperback,433,2019,2019,,2023/12/23,,,read,,,,1,0
51335759,"Good Girl, Bad Blood (A Good Girl's Guide to Murder, #2)",Holly  Jackson,"Jackson, Holly",,"=""1405297751""","=""9781405297752""",3,4.26,Electric Monkey,Paperback,413,2020,2020,,2023/12/23,,,read,,,,1,0
56905097,"As Good As Dead (A Good Girl's Guide to Murder, #3)",Holly  Jackson,"Jackson, Holly",,"=""0593379853""","=""9780593379851""",5,4.19,Delacorte Press,Hardcover,500,2021,2021,,2023/12/23,,,read,,,,1,0
53401044,"Reign of a King (Kingdom Duet, #1)",Rina Kent,"Kent, Rina",,"=""""","=""""",3,4.03,"Blackthorn Books, LLC",Kindle Edition,280,2020,2020,,2023/12/23,,,read,,,,1,0
53401047,"Rise of a Queen (Kingdom Duet, #2)",Rina Kent,"Kent, Rina",,"=""""","=""""",4,4.18,"Blackthorn Books, LLC",Kindle Edition,289,2020,2020,,2023/12/23,,,read,,,,1,0
41057294,Normal People,Sally Rooney,"Rooney, Sally",,"=""1984822179""","=""9781984822178""",5,3.81,Crown,Hardcover,273,2019,2018,,2023/12/23,,,read,,,,1,0
10429045,"Shatter Me (Shatter Me, #1)",Tahereh Mafi,"Mafi, Tahereh",,"=""0062085484""","=""9780062085481""",3,3.84,Harper,Hardcover,338,2011,2011,,2024/01/05,,,read,,,,1,0
30319086,If We Were Villains,M.L. Rio,"Rio, M.L.",,"=""125009528X""","=""9781250095282""",4,4.11,Flatiron Books,Hardcover,354,2017,2017,2024/01/05,2024/01/05,,,read,,,,1,0
19288043,Gone Girl,Gillian Flynn,"Flynn, Gillian",,"=""0307588378""","=""9780307588371""",5,4.14,Ballantine Books,Paperback,415,2014,2012,2024/02/13,2024/02/06,,,read,,,,1,0
206181069,"The Secret Fiancée (The Windsors, #5)",Catharina Maura,"Maura, Catharina",,"=""""","=""""",3,4.07,,Kindle Edition,364,2024,2024,,2024/02/23,,,read,,,,1,0
22557272,The Girl on the Train,Paula Hawkins,"Hawkins, Paula",,"=""1594633665""","=""9781594633669""",4,3.96,Riverhead Books,Hardcover,336,2015,2015,,2024/02/13,,,read,,,,1,0
45685,The Canterville Ghost,Oscar Wilde,"Wilde, Oscar",,"=""""","=""""",0,3.88,Walker Books,Hardcover,126,1997,1887,,2024/04/03,to-read,to-read (#28),to-read,,,,0,0
77265004,The Iliad,Homer,"Homer, Homer",Emily Wilson,"=""1324001801""","=""9781324001805""",0,3.92,W. W. Norton & Company,Hardcover,848,2023,-800,,2024/04/01,to-read,to-read (#27),to-read,,,,0,0
1381,The Odyssey,Homer,"Homer, Homer","Robert Fagles, Bernard Knox","=""0143039954""","=""9780143039952""",0,3.82,Penguin Classics ,Paperback,541,2006,-700,,2024/04/01,to-read,to-read (#26),to-read,,,,0,0
6642715,The Forty Rules of Love,Elif Shafak,"Shafak, Elif",,"=""""","=""""",0,4.12,Viking,Hardcover,354,2010,2009,,2024/03/17,to-read,to-read (#25),to-read,,,,1,0
36809135,Where the Crawdads Sing,Delia Owens,"Owens, Delia",,"=""0735219117""","=""9780735219113""",0,4.37,G.P. Putnam’s Sons,ebook,384,2018,2018,,2024/03/30,to-read,to-read (#24),to-read,,,,0,0
21853621,The Nightingale,Kristin Hannah,"Hannah, Kristin",,"=""0312577222""","=""9780312577223""",0,4.64,St. Martin's Press,Hardcover,440,2015,2015,,2024/03/30,to-read,to-read (#23),to-read,,,,0,0
58784475,"Tomorrow, and Tomorrow, and Tomorrow",Gabrielle Zevin,"Zevin, Gabrielle",,"=""0735243344""","=""9780735243347""",0,4.13,Knopf,Hardcover,401,2022,2022,,2024/03/30,to-read,to-read (#22),to-read,,,,0,0
35959740,Circe,Madeline Miller,"Miller, Madeline",,"=""0316556343""","=""9780316556347""",0,4.22,"Little, Brown and Company",Hardcover,393,2018,2018,,2024/03/30,to-read,to-read (#21),to-read,,,,0,0
5907,"The Hobbit, or There and Back Again",J.R.R. Tolkien,"Tolkien, J.R.R.","Douglas A. Anderson, Michael Hague, Jemima Catlin","=""""","=""""",0,4.29,Houghton Mifflin,Paperback,366,2002,1937,,2024/03/30,to-read,to-read (#20),to-read,,,,0,0
6533532,Agatha Christie's Secret Notebooks,John  Curran,"Curran, John",,"=""0007310560""","=""9780007310562""",0,4.20,HarperCollins,Hardcover,492,2009,2009,,2024/03/30,to-read,to-read (#19),to-read,,,,0,0
131347,Agatha Christie: The Woman and Her Mysteries,Gillian Gill,"Gill, Gillian",,"=""1861052529""","=""9781861052520""",0,4.31,Robson Book Ltd,Paperback,242,2000,1990,,2024/03/30,to-read,to-read (#18),to-read,,,,0,0
19367226,"The Monogram Murders (New Hercule Poirot Mysteries, #1)",Sophie Hannah,"Hannah, Sophie",,"=""""","=""""",0,3.44,William Morrow,ebook,320,2014,2014,,2024/03/30,to-read,to-read (#17),to-read,,,,0,0
102868,"A Study in Scarlet (Sherlock Holmes, #1)",Arthur Conan Doyle,"Doyle, Arthur Conan",,"=""1420925539""","=""9781420925531""",0,4.13,Digireads.com,Paperback,123,2005,1887,,2024/03/30,to-read,to-read (#16),to-read,,,,0,0
948072,The Unexpected Guest,Charles Osborne,"Osborne, Charles",Agatha Christie,"=""0312975120""","=""9780312975128""",5,4.11,St. Martin's Paperbacks,Mass Market Paperback,287,2000,1999,2024/03/09,2024/02/29,,,read,,,,1,0
59822447,Agatha Christie: A Very Elusive Woman,Lucy Worsley,"Worsley, Lucy",,"=""""","=""""",0,4.20,Hodder & Stoughton,Kindle Edition,498,2022,2022,,2024/03/30,to-read,to-read (#15),to-read,,,,0,0
2757012,രണ്ടാമൂഴം | Randamoozham,M.T. Vasudevan Nair,"Nair, M.T. Vasudevan",,"=""8122613047""","=""9788122613049""",0,4.31,Current Books,Paperback,300,2011,1984,,2024/03/23,to-read,to-read (#14),to-read,,,,1,0
329866,The Dream of a Ridiculous Man,Fyodor Dostoevsky,"Dostoevsky, Fyodor",Fyodor Dostoyevsky,"=""1419160222""","=""9781419160226""",0,4.03,Kessinger Publishing,Paperback,32,2004,1877,,2024/03/23,to-read,to-read (#13),to-read,,,,0,0
17877,The House of the Dead,Fyodor Dostoevsky,"Dostoevsky, Fyodor",,"=""0486434095""","=""9780486434094""",0,4.05,Dover Publications,Paperback,247,2004,1861,,2024/03/23,to-read,to-read (#12),to-read,,,,0,0
5695,Demons,Fyodor Dostoevsky,"Dostoevsky, Fyodor","Richard Pevear, Larissa Volokhonsky","=""""","=""""",0,4.30,Vintage,Paperback,733,1995,1872,,2024/03/23,to-read,to-read (#11),to-read,,,,0,0
12857,The Gambler,Fyodor Dostoevsky,"Dostoevsky, Fyodor",Constance Garnett,"=""""","=""""",0,3.91,Modern Library,Paperback,188,2003,1866,,2024/03/23,to-read,to-read (#10),to-read,,,,0,0
131359,"Death on the Nile (Hercule Poirot, #18)",Agatha Christie,"Christie, Agatha",,"=""""","=""""",4,4.12,Bantam Books,Paperback,352,1978,1937,2024/03/16,2024/03/16,,,read,,,,1,0
7144,Crime and Punishment,Fyodor Dostoevsky,"Dostoevsky, Fyodor","David McDuff, Joseph Frank","=""""","=""""",0,4.28,Penguin,Paperback,671,2002,1866,,2024/03/10,currently-reading,currently-reading (#1),currently-reading,,,,1,0
9361589,The Night Circus,Erin Morgenstern,"Morgenstern, Erin",,"=""""","=""9780385534635""",0,4.00,Doubleday,Hardcover,506,2011,2011,,2024/03/04,to-read,to-read (#9),to-read,,,,0,0
57009596,That Night,Nidhi  Upadhyay,"Upadhyay, Nidhi",,"=""""","=""""",4,3.72,Penguin Random House India,Kindle Edition,288,2021,2021,2024/03/04,2024/03/03,,,read,,,,1,0
16322,"The A.B.C. Murders (Hercule Poirot, #13)",Agatha Christie,"Christie, Agatha",,"=""1579126243""","=""9781579126247""",4,4.03,Black Dog & Leventhal Publishers,Hardcover,232,2006,1936,2024/03/02,2024/02/27,,,read,,,,1,0
199070596,"Love Redesigned (Lakefront Billionaires, #1)",Lauren Asher,"Asher, Lauren",,"=""""","=""""",3,4.02,,Kindle Edition,530,2023,2023,2024/02/24,2024/02/13,,,read,,,,1,0
16299,And Then There Were None,Agatha Christie,"Christie, Agatha",,"=""0312330871""","=""9780312330873""",3,4.28,St. Martin's Griffin,Paperback,264,2004,1939,2024/02/17,2024/02/06,,,read,,,,1,0
49455,Notes from Underground,Fyodor Dostoevsky,"Dostoevsky, Fyodor","Richard Pevear, Larissa Volokhonsky, Donald Fanger","=""067973452X""","=""9780679734529""",0,4.17,Vintage Classics,Paperback,136,1994,1864,,2024/02/06,to-read,to-read (#8),to-read,,,,0,0
12505,The Idiot,Fyodor Dostoevsky,"Dostoevsky, Fyodor","Anna Brailovsky, Joseph Frank, Constance Garnett","=""0679642420""","=""9780679642428""",0,4.21,Modern Library,Paperback,667,2003,1869,,2024/02/06,to-read,to-read (#7),to-read,,,,0,0
4934,The Brothers Karamazov,Fyodor Dostoevsky,"Dostoevsky, Fyodor","Richard Pevear, Larissa Volokhonsky","=""0374528373""","=""9780374528379""",0,4.38,"Farrar, Straus and Giroux",Paperback,796,2002,1880,,2024/02/06,to-read,to-read (#6),to-read,,,,0,0
485894,The Metamorphosis,Franz Kafka,"Kafka, Franz",Stanley Corngold,"=""0553213695""","=""9780553213690""",0,3.90,Bantam Classics,Mass Market Paperback,201,1972,1915,,2024/02/06,to-read,to-read (#5),to-read,,,,0,0
11623,The Unabridged Journals of Sylvia Plath,Sylvia Plath,"Plath, Sylvia",Karen V. Kukil,"=""0385720254""","=""9780385720250""",0,4.27,Vintage,Paperback,732,2000,2000,,2024/02/06,to-read,to-read (#4),to-read,,,,0,0
57945316,Babel,R.F. Kuang,"Kuang, R.F.",,"=""0063021420""","=""9780063021426""",0,4.16,Harper Voyager,Hardcover,544,2022,2022,,2024/02/06,to-read,to-read (#3),to-read,,,,0,0
853510,"Murder on the Orient Express (Hercule Poirot, #10)",Agatha Christie,"Christie, Agatha",,"=""0007119313""","=""9780007119318""",4,4.20,HarperCollins,Paperback,274,2007,1934,2024/02/06,2024/02/04,,,read,,,,1,0
16328,"The Murder of Roger Ackroyd (Hercule Poirot, #4)",Agatha Christie,"Christie, Agatha",,"=""1579126278""","=""9781579126278""",5,4.26,Black Dog & Leventhal Publishers,Hardcover,288,2006,1926,2024/02/04,2024/01/29,,,read,,,,1,0
11297,Norwegian Wood,Haruki Murakami,"Murakami, Haruki",Jay Rubin,"=""0375704027""","=""9780375704024""",3,4.00,Vintage Books,Paperback,296,2000,1987,2024/01/24,2024/01/16,,,read,,,,1,0
32828484,Collected Short Stories,Ruskin Bond,"Bond, Ruskin",,"=""""","=""""",0,4.22,Penguin,Kindle Edition,686,2016,,,2024/01/05,to-read,to-read (#2),to-read,,,,0,0
29044,The Secret History,Donna Tartt,"Tartt, Donna",,"=""1400031702""","=""9781400031702""",5,4.16,Vintage,Paperback,573,1992,1992,2024/01/05,2024/01/04,,,read,,,,1,0
18143977,All the Light We Cannot See,Anthony Doerr,"Doerr, Anthony",,"=""1476746583""","=""9781476746586""",0,4.31,Scribner,Hardcover,544,2014,2014,,2023/12/23,to-read,to-read (#1),to-read,,,,0,0
